month,race_count,stake_units,return_units,profit_units,roi,hit_count,hit_rate,ticket_count,average_ticket_count,top3_return_share,roi_without_top3,defensive_switch_race_count
2026-01,180,1080.0,772.4,-307.6,0.7151851851851851,32,0.17777777777777778,1080,6.0,0.3534438114966339,0.4624074074074074,0
2026-02,176,1742.0,3039.7999999999997,1297.7999999999997,1.7450057405281285,57,0.32386363636363635,1742,9.897727272727273,0.26873478518323574,1.2760619977037886,0
2026-03,184,2406.0,2542.2999999999997,136.29999999999973,1.0566500415627595,110,0.5978260869565217,2406,13.076086956521738,0.24898713763127878,0.7935577722360764,125
2026-04,169,1869.0,1613.3000000000002,-255.69999999999982,0.8631888710540397,60,0.35502958579881655,1869,11.059171597633137,0.444120746296411,0.47982878544676305,64
2026-05,205,1921.0,1856.1999999999998,-64.80000000000018,0.9662675689744924,77,0.375609756097561,1921,9.370731707317074,0.30939553927378516,0.6673086933888599,53
2026-06,152,1740.0,2761.7000000000003,1021.7000000000003,1.587183908045977,65,0.4276315789473684,1740,11.447368421052632,0.29507187601839446,1.1188505747126438,72
2026-07,2,24.0,28.3,4.300000000000001,1.1791666666666667,1,0.5,24,12.0,1.0,0.0,1
