month,chosen_guard,selection_reason,prior_months,train_score,train_race_count,train_roi,train_roi_without_top3,train_hit_rate,target_race_count,target_stake_units,target_return_units,target_roi,target_roi_without_top3,target_hit_rate,target_average_ticket_count
2026-01,__no_guard__,cold_start_or_no_eligible_guard,,0.0,0,0.0,0.0,0.0,180,1392.0,1092.4,0.7847701149425288,0.5963609898107716,0.22777777777777777,7.733333333333333
2026-02,__no_guard__,cold_start_or_no_eligible_guard,2026-01,0.7847701149425288,180,0.7847701149425288,0.5963609898107716,0.22777777777777777,176,1621.0,2831.2,1.7465761875385561,1.2708517350157724,0.30113636363636365,9.210227272727273
2026-03,__no_guard__,cold_start_or_no_eligible_guard,2026-01|2026-02,1.3022236973116494,356,1.3022236973116494,1.0435673496808868,0.2640449438202247,184,1453.0,1674.7,1.1525808671713695,0.7636683063949401,0.3967391304347826,7.896739130434782
2026-04,race_number=8:cap6,prior_month_segment_guard,2026-01|2026-02|2026-03,1.2822491983508935,540,1.2822491983508935,1.0937730627306277,0.30925925925925923,169,1725.0,1955.1,1.133391304347826,0.7244247787610618,0.33136094674556216,10.207100591715976
2026-05,race_number=10:cap6,prior_month_segment_guard,2026-01|2026-02|2026-03|2026-04,1.2409484193011648,709,1.2409484193011648,1.0992148346140997,0.31170662905500707,205,1777.0,1315.2,0.7401238041643216,0.43211637193382735,0.32195121951219513,8.668292682926829
2026-06,race_number=10:cap6,prior_month_segment_guard,2026-01|2026-02|2026-03|2026-04|2026-05,1.1266598176447928,914,1.1266598176447928,1.0170166172871313,0.31400437636761486,152,1619.0,2021.6,1.2486720197652872,0.794630448515477,0.3092105263157895,10.651315789473685
2026-07,race_number=10:cap6,prior_month_segment_guard,2026-01|2026-02|2026-03|2026-04|2026-05|2026-06,1.147661067403785,1066,1.147661067403785,1.0569921125559583,0.3133208255159475,2,21.0,0.0,0.0,0.0,0.0,10.5
