month,chosen_guard,selection_reason,prior_months,train_score,train_race_count,train_roi,train_roi_without_top3,train_top3_return_share,train_hit_rate,target_race_count,target_stake_units,target_return_units,target_roi,target_roi_without_top3,target_hit_rate
2026-01,__no_guard__,prior_month_walkforward,2025-10|2025-11|2025-12,1.149287225748971,542,1.149287225748971,0.8411725180581231,0.27212690598820644,0.544280442804428,180,5772.0,5620.000000000002,0.973665973665974,0.36056760091662293,0.5888888888888889
2026-02,__no_guard__,prior_month_walkforward,2025-10|2025-11|2025-12|2026-01,1.1065697429414258,722,1.1065697429414258,0.8735347636579085,0.21388557784217893,0.5554016620498615,176,5655.0,7756.300000000001,1.37158267020336,0.5702663786897051,0.6363636363636364
2026-03,girls_venue_is_400m_bank_0p0_scale_0p25,prior_month_walkforward,2025-10|2025-11|2025-12|2026-01|2026-02,1.2499866345896824,898,1.2499866345896824,1.037622661760197,0.17303121582237097,0.5712694877505567,184,5103.0,7154.9000000000015,1.4020968058005099,0.42989608313349337,0.6793478260869565
2026-04,girls_venue_is_400m_bank_0p0_scale_0p25,prior_month_walkforward,2025-10|2025-11|2025-12|2026-01|2026-02|2026-03,1.2747938638542677,1082,1.2747938638542677,1.0972524125549048,0.14199401829609168,0.589648798521257,169,4736.0,4108.499999999999,0.8675042229729728,0.39795214485880553,0.591715976331361
2026-05,girls_venue_is_400m_bank_0p0_scale_0p25,prior_month_walkforward,2025-10|2025-11|2025-12|2026-01|2026-02|2026-03|2026-04,1.2212513184922007,1251,1.2212513184922007,1.066966348428759,0.12873436249909076,0.5899280575539568,205,6497.0,8491.9,1.3070494074188086,0.600203093266677,0.6390243902439025
2026-06,girls_field_top_point_gap_open0p88_1p94close_scale_0p25,prior_month_walkforward,2025-10|2025-11|2025-12|2026-01|2026-02|2026-03|2026-04|2026-05,1.2423039054808025,1456,1.2423039054808025,1.112110246951293,0.10687773378973532,0.5968406593406593,152,4578.0,4677.499999999999,1.0217343818261246,0.45960757780784817,0.5197368421052632
2026-07,girls_venue_is_400m_bank_0p0_scale_0p25,prior_month_walkforward,2025-10|2025-11|2025-12|2026-01|2026-02|2026-03|2026-04|2026-05|2026-06,1.2302190338738441,1608,1.2302190338738441,1.1123444711487342,0.09771578420716656,0.5895522388059702,8,211.0,93.60000000000001,0.4436018957345972,0.06821705426356586,0.625
