month,chosen_guard,selection_reason,prior_months,train_score,train_race_count,train_roi,train_roi_without_top3,train_hit_rate,target_race_count,target_stake_units,target_return_units,target_roi,target_roi_without_top3,target_hit_rate,target_average_ticket_count
2026-01,__no_guard__,cold_start_or_no_eligible_guard,,0.0,0,0.0,0.0,0.0,180,1392.0,1092.4,0.7847701149425288,0.5963609898107716,0.22777777777777777,7.733333333333333
2026-02,__no_guard__,cold_start_or_no_eligible_guard,2026-01,0.5963609898107716,180,0.7847701149425288,0.5963609898107716,0.22777777777777777,176,1621.0,2831.2,1.7465761875385561,1.2708517350157724,0.30113636363636365,9.210227272727273
2026-03,__no_guard__,cold_start_or_no_eligible_guard,2026-01|2026-02,1.0435673496808868,356,1.3022236973116494,1.0435673496808868,0.2640449438202247,184,1453.0,1674.7,1.1525808671713695,0.7636683063949401,0.3967391304347826,7.896739130434782
2026-04,race_number=8:cap6,prior_month_segment_guard,2026-01|2026-02|2026-03,1.0937730627306277,540,1.2822491983508935,1.0937730627306277,0.30925925925925923,169,1725.0,1955.1,1.133391304347826,0.7244247787610618,0.33136094674556216,10.207100591715976
2026-05,girls_market_entropy=mid&ticket_bin=10-12:cap8,prior_month_segment_guard,2026-01|2026-02|2026-03|2026-04,1.1170013386880857,709,1.2589,1.1170013386880857,0.3145275035260931,205,1667.0,1315.2,0.7889622075584879,0.4599271402550087,0.32195121951219513,8.13170731707317
2026-06,race_number=4:cap8,prior_month_segment_guard,2026-01|2026-02|2026-03|2026-04|2026-05,1.0224440179142675,914,1.1313432835820896,1.0224440179142675,0.3161925601750547,152,1599.0,2021.6,1.2642901813633523,0.8047984644913628,0.3092105263157895,10.519736842105264
2026-07,race_margin_chaos_score=low&ticket_bin=10-12:cap8,prior_month_segment_guard,2026-01|2026-02|2026-03|2026-04|2026-05|2026-06,1.0702298236237306,1066,1.1611259196076342,1.0702298236237306,0.3151969981238274,2,21.0,0.0,0.0,0.0,0.0,10.5
