strategy,month,race_count,stake_units,return_units,profit_units,roi,hit_count,hit_rate,ticket_count,average_ticket_count,top3_return_share,roi_without_top3
coverage_switch_to0707_month_audit,2026-01,180,1080.0,772.4,-307.6,0.7151851851851851,32,0.17777777777777778,1080,6.0,0.3534438114966339,0.4702448210922787
coverage_switch_to0707_month_audit,2026-02,176,1742.0,3039.7999999999997,1297.7999999999997,1.7450057405281285,57,0.32386363636363635,1742,9.897727272727273,0.26873478518323574,1.302989449003517
coverage_switch_to0707_month_audit,2026-03,184,2521.0,2826.3,305.3000000000002,1.1211027370091233,123,0.6684782608695652,2521,13.701086956521738,0.22396773166330536,0.8801364365971106
coverage_switch_to0707_month_audit,2026-04,169,1977.0,1769.8999999999999,-207.10000000000014,0.8952453211937278,70,0.41420118343195267,1977,11.698224852071005,0.4048251313633539,0.541315519013361
coverage_switch_to0707_month_audit,2026-05,205,2395.0,2724.200000000001,329.2000000000012,1.1374530271398753,111,0.5414634146341464,2395,11.682926829268293,0.22355186843844055,0.8970313825275656
coverage_switch_to0707_month_audit,2026-06,152,1874.0,2099.8,225.80000000000018,1.1204909284951976,62,0.40789473684210525,1874,12.328947368421053,0.38808457948376035,0.6994556341861733
coverage_switch_to0707_month_audit,2026-07,34,513.0,530.8,17.799999999999955,1.0346978557504873,23,0.6764705882352942,513,15.088235294117647,0.520723436322532,0.540127388535032
