month,race_count,stake_units,return_units,profit_units,roi,hit_count,hit_rate,average_ticket_count,average_stake_units,selected_count_min,selected_count_max,top3_return_share,roi_without_top3,max_drawdown_units
2026-01,180,5248.0,4403.2,-844.8,0.8390243902439026,106,0.5888888888888889,14.8,29.155555555555555,12,18,0.5406295421511627,0.39169248644461674,2470.2999999999997
2026-02,176,5042.0,7756.3,2714.3,1.5383379611265373,112,0.6363636363636364,14.590909090909092,28.647727272727273,12,16,0.5915062594278199,0.6409872547036216,1128.2000000000003
2026-03,184,5103.0,7154.9,2051.9,1.4020968058005099,125,0.6793478260869565,14.684782608695652,27.733695652173914,12,16,0.6993389145900012,0.42989608313349337,1408.9
2026-04,169,4736.0,4108.5,-627.5,0.8675042229729728,100,0.591715976331361,14.414201183431953,28.023668639053255,12,16,0.5506632590969942,0.39795214485880553,2020.9999999999998
2026-05,205,6497.0,8491.9,1994.9,1.3070494074188086,131,0.6390243902439025,14.673170731707318,31.692682926829267,12,16,0.5475806356645745,0.600203093266677,914.3000000000002
2026-06,152,4593.0,5474.3,881.3,1.1918789462225121,79,0.5197368421052632,14.131578947368421,30.217105263157894,12,16,0.5620444623056831,0.5388851427287028,874.9999999999997
2026-07,8,211.0,93.6,-117.4,0.4436018957345972,5,0.625,15.625,26.375,12,17,0.905982905982906,0.06821705426356586,117.39999999999998
