month,chosen_guard,selection_reason,prior_months,train_score,train_race_count,train_roi,train_roi_without_top3,train_top3_return_share,train_hit_rate,target_race_count,target_stake_units,target_return_units,target_roi,target_roi_without_top3,target_hit_rate
2026-01,__no_guard__,prior_month_walkforward,2025-10|2025-11|2025-12,1.149287225748971,542,1.149287225748971,0.8411725180581231,0.27212690598820644,0.544280442804428,180,2664,2209.9,0.8295420420420417,0.5872852233676973,0.5888888888888889
2026-02,__no_guard__,prior_month_walkforward,2025-10|2025-11|2025-12|2026-01,1.1065697429414258,722,1.1065697429414258,0.8735347636579085,0.21388557784217893,0.5554016620498615,176,2568,2708.7,1.0547897196261682,0.7961249505733489,0.6363636363636364
2026-03,girls_venue_is_400m_bank_0p0_scale_0p25,prior_month_walkforward,2025-10|2025-11|2025-12|2026-01|2026-02,1.2499866345896824,898,1.2499866345896824,1.037622661760197,0.17303121582237097,0.5712694877505567,184,2702,2419.5,0.8954478164322726,0.7468843843843842,0.6793478260869565
2026-04,girls_venue_is_400m_bank_0p0_scale_0p25,prior_month_walkforward,2025-10|2025-11|2025-12|2026-01|2026-02|2026-03,1.2747938638542677,1082,1.2747938638542677,1.0972524125549048,0.14199401829609168,0.589648798521257,169,2436,1987.5,0.8158866995073891,0.6519198664440735,0.591715976331361
2026-05,girls_venue_is_400m_bank_0p0_scale_0p25,prior_month_walkforward,2025-10|2025-11|2025-12|2026-01|2026-02|2026-03|2026-04,1.2212513184922007,1251,1.2212513184922007,1.066966348428759,0.12873436249909076,0.5899280575539568,205,3008,2921.9,0.9713763297872342,0.7967284991568301,0.6390243902439025
2026-06,girls_field_top_point_gap_open0p88_1p94close_scale_0p25,prior_month_walkforward,2025-10|2025-11|2025-12|2026-01|2026-02|2026-03|2026-04|2026-05,1.2423039054808025,1456,1.2423039054808025,1.112110246951293,0.10687773378973532,0.5968406593406593,152,2148,2402,1.1182495344506522,0.7518237801989581,0.5197368421052632
2026-07,girls_venue_is_400m_bank_0p0_scale_0p25,prior_month_walkforward,2025-10|2025-11|2025-12|2026-01|2026-02|2026-03|2026-04|2026-05|2026-06,1.2302190338738441,1608,1.2302190338738441,1.1123444711487342,0.09771578420716656,0.5895522388059702,8,125,78.9,0.6312000000000001,0.1142857142857143,0.625
